accuracy,precision_macro,recall_macro,f1_macro,precision_weighted,recall_weighted,f1_weighted,top1_accuracy,top3_accuracy,roc_num_present_classes,macro_auc,weighted_auc,micro_auc,macro_curve_auc,min_auc,max_auc,evaluation_split,num_samples,num_present_classes
0.8341523341523341,0.8292522174281802,0.8365612872242046,0.8275715047061789,0.8483667829759439,0.8341523341523341,0.8369176232942166,0.8341523341523341,0.9680589680589681,24,0.9911875686012902,0.9899875114592052,0.9917794356689773,0.9914189635785645,0.9706982543640899,0.999807932392202,test,814,24
