accuracy,precision_macro,recall_macro,f1_macro,precision_weighted,recall_weighted,f1_weighted,top1_accuracy,top3_accuracy,roc_num_present_classes,macro_auc,weighted_auc,micro_auc,macro_curve_auc,min_auc,max_auc,evaluation_split,num_samples,num_present_classes
0.7521008403361344,0.7625929492046196,0.7742873183165794,0.7617753968050095,0.7639799542815308,0.7521008403361344,0.7516078654065306,0.7521008403361344,0.9296218487394958,27,0.9814011954028707,0.9771994933333238,0.9845076605302755,0.9815738457391188,0.8971915075901582,0.9996954005482791,test,952,27
