accuracy,precision_macro,recall_macro,f1_macro,precision_weighted,recall_weighted,f1_weighted,top1_accuracy,top3_accuracy,roc_num_present_classes,macro_auc,weighted_auc,micro_auc,macro_curve_auc,min_auc,max_auc,evaluation_split,num_samples,num_present_classes
0.8427518427518428,0.8391676229097366,0.8281559080676465,0.8271214296245889,0.8544140793801175,0.8427518427518428,0.8445040145440984,0.8427518427518428,0.9594594594594594,24,0.9917201175740994,0.9908238555298439,0.9930265068070857,0.9919276513018104,0.9685868146214099,0.9999107142857142,test,814,24
