accuracy,precision_macro,recall_macro,f1_macro,precision_weighted,recall_weighted,f1_weighted,top1_accuracy,top3_accuracy,roc_num_present_classes,macro_auc,weighted_auc,micro_auc,macro_curve_auc,min_auc,max_auc,evaluation_split,num_samples,num_present_classes
0.7310924369747899,0.7447555521542804,0.7391609487225469,0.7338377702612537,0.7372374744177552,0.7310924369747899,0.7281921019977583,0.7310924369747899,0.9432773109243697,27,0.9807751554434143,0.9772585047312133,0.9842277833078933,0.9809541603521048,0.900350726888169,1.0,test,952,27
