accuracy,precision_macro,recall_macro,f1_macro,precision_weighted,recall_weighted,f1_weighted,top1_accuracy,top3_accuracy,roc_num_present_classes,macro_auc,weighted_auc,micro_auc,macro_curve_auc,min_auc,max_auc,evaluation_split,num_samples,num_present_classes
0.7224409448818898,0.7150332384416904,0.7118059155098685,0.7087139308859973,0.7208018663023416,0.7224409448818898,0.717643211998208,0.7224409448818898,0.9173228346456693,27,0.967797046484793,0.9670238298938089,0.9725324546802939,0.96829526641702,0.8471692578468759,0.9997310623038996,test,508,27
